t_s,phase,displayed_frames,published,dropped,mailbox_age_ms,upload_count,upload_sum_us,upload_max_ms,rss_kb,footprint_kb,exposed,degraded,producer_fps,producer_rendered,producer_failed
0.997,warmup,49,49,0,13,49,30010,0.871,1143504,1354152,1,1,0.00,49,0
2.043,warmup,94,95,0,0,94,57324,1.010,1062312,1552044,1,0,43.35,95,0
3.003,warmup,143,144,0,1,142,85690,1.010,1062716,1552172,1,0,43.35,144,0
3.996,warmup,193,193,0,13,192,114318,1.010,1061436,1550104,1,0,51.00,193,0
5.003,warmup,243,244,0,0,242,142982,1.010,1061436,1442256,1,0,49.95,244,0
5.999,warmup,293,293,0,17,292,171928,1.010,1061432,1442252,1,0,50.05,293,0
6.999,warmup,343,343,0,15,342,201460,1.010,1061432,1442252,1,0,49.95,343,0
8.003,warmup,393,394,0,0,392,230976,1.010,1051192,1428152,1,0,50.00,394,0
8.996,warmup,443,443,0,12,442,260278,1.010,1038904,1415864,1,0,50.00,443,0
10.003,warmup,493,494,0,0,492,289376,1.010,1038908,1415864,1,0,50.00,494,0
10.996,warmup,543,543,0,13,542,318733,1.010,1038924,1415864,1,0,50.00,543,0
11.996,warmup,593,593,0,13,592,348406,1.010,1038924,1415864,1,0,50.00,593,0
13.003,warmup,643,644,0,0,642,377587,1.010,1038924,1415864,1,0,50.10,644,0
13.998,warmup,693,693,0,15,692,406017,1.010,1038924,1415864,1,0,49.90,693,0
15.003,warmup,743,744,0,0,742,434480,1.010,1038924,1415864,1,0,50.00,744,0
15.996,warmup,793,793,0,12,792,463108,1.010,1038924,1415864,1,0,50.00,793,0
16.994,warmup,843,843,0,11,842,491638,1.010,1038924,1415864,1,0,50.00,843,0
18.003,warmup,884,885,0,1,881,513777,1.010,1091372,1436204,1,0,50.05,885,0
19.004,warmup,934,935,0,0,931,542731,1.010,1091380,1436204,1,0,41.00,935,0
20.004,warmup,984,985,0,0,981,571888,1.010,1091380,1436204,1,0,50.00,985,0
20.997,warmup,1034,1034,0,15,1031,601472,1.013,1091260,1435992,1,0,49.95,1034,0
22.003,warmup,1084,1085,0,0,1081,631065,1.013,1091084,1435668,1,0,50.05,1085,0
22.996,warmup,1134,1134,0,13,1131,660400,1.013,1091092,1435668,1,0,50.00,1134,0
24.004,warmup,1184,1185,0,0,1181,690106,1.013,1091096,1435668,1,0,49.95,1185,0
25.005,warmup,1233,1234,0,0,1229,718915,1.013,1068684,1521960,1,0,49.02,1234,0
26.004,warmup,1283,1284,0,0,1279,748114,1.013,1068824,1521960,1,0,50.00,1284,0
27.004,warmup,1333,1334,0,0,1329,777923,1.013,1068824,1521960,1,0,50.00,1334,0
28.004,warmup,1383,1384,0,1,1379,807772,1.013,1068824,1506772,1,0,49.90,1384,0
28.995,warmup,1433,1433,0,9,1429,836922,1.013,1068824,1506772,1,0,50.10,1433,0
29.996,warmup,1483,1483,0,12,1479,866222,1.013,1068824,1506772,1,0,50.00,1483,0
31.004,warmup,1533,1534,0,0,1529,895840,1.013,1052440,1490356,1,0,49.95,1534,0
32.004,warmup,1583,1584,0,0,1579,925106,1.013,1052440,1490356,1,0,50.05,1584,0
33.004,warmup,1633,1634,0,0,1629,954459,1.013,1052440,1490356,1,0,50.00,1634,0
34.004,warmup,1683,1684,0,0,1679,984063,1.013,1052444,1490420,1,0,50.00,1684,0
34.995,warmup,1733,1733,0,12,1729,1014088,1.013,1052444,1490420,1,0,50.00,1733,0
35.995,warmup,1783,1783,0,11,1779,1043846,1.013,1052444,1490420,1,0,50.00,1783,0
36.994,warmup,1833,1833,0,11,1829,1073506,1.013,1052444,1490420,1,0,50.00,1833,0
38.004,warmup,1883,1884,0,0,1879,1103669,1.013,1052444,1490420,1,0,50.00,1884,0
39.004,warmup,1933,1934,0,0,1929,1132896,1.013,1052444,1490420,1,0,50.00,1934,0
40.004,warmup,1983,1984,0,0,1979,1162723,1.013,1052444,1490420,1,0,50.00,1984,0
40.997,warmup,2033,2033,0,14,2029,1192121,1.013,1052444,1490420,1,0,50.00,2033,0
41.997,warmup,2083,2083,0,13,2079,1221752,1.013,1052444,1490420,1,0,49.95,2083,0
42.996,warmup,2133,2133,0,12,2129,1251799,1.030,1052444,1490420,1,0,50.00,2133,0
43.996,warmup,2183,2183,0,12,2179,1281176,1.030,1052444,1490420,1,0,50.05,2183,0
45.004,warmup,2233,2234,0,0,2229,1310982,1.030,1052444,1490420,1,0,50.00,2234,0
46.003,warmup,2283,2284,0,0,2279,1340883,1.136,1052444,1490420,1,0,50.00,2284,0
47.004,warmup,2333,2334,0,0,2329,1370818,1.136,1052444,1490420,1,0,50.05,2334,0
47.999,warmup,2383,2383,0,16,2379,1401226,1.575,1052356,1490280,1,0,49.95,2383,0
49.003,warmup,2433,2434,0,0,2429,1430851,1.575,1052356,1490280,1,0,50.05,2434,0
49.997,warmup,2483,2483,0,14,2479,1460247,1.575,1051644,1490280,1,0,50.00,2483,0
50.995,warmup,2533,2533,0,11,2529,1490083,1.575,1051644,1490280,1,0,50.00,2533,0
52.004,warmup,2583,2584,0,0,2579,1519934,1.575,1051644,1490280,1,0,50.00,2584,0
52.998,warmup,2633,2633,0,14,2629,1550011,1.575,1051648,1490280,1,0,49.90,2633,0
54.004,warmup,2683,2684,0,0,2679,1579460,1.575,1051656,1490280,1,0,50.05,2684,0
54.997,warmup,2733,2733,0,15,2729,1608853,1.575,1051420,1490280,1,0,50.05,2733,0
55.997,warmup,2783,2783,0,14,2779,1638240,1.575,1051124,1490280,1,0,50.00,2783,0
56.995,warmup,2833,2833,0,12,2829,1667420,1.575,1051128,1490280,1,0,50.00,2833,0
57.996,warmup,2883,2883,0,12,2879,1697022,1.575,1051128,1490280,1,0,49.95,2883,0
59.004,warmup,2933,2934,0,1,2929,1727282,1.575,1051128,1490280,1,0,50.00,2934,0
60.005,warmup,2983,2984,0,1,2979,1757111,1.575,1051132,1490280,1,0,50.00,2984,0
60.996,warmup,3033,3033,0,14,3029,1786807,1.575,1051132,1490280,1,0,50.00,3033,0
62.003,warmup,3083,3084,0,0,3079,1815988,1.575,1051132,1490280,1,0,50.00,3084,0
63.003,warmup,3133,3134,0,0,3128,1845541,1.575,1051188,1490284,1,0,49.95,3134,0
64.002,warmup,3183,3184,0,0,3178,1875621,1.575,1051188,1490284,1,0,50.10,3184,0
64.996,warmup,3233,3233,0,11,3228,1905813,1.575,1051212,1490304,1,0,49.95,3233,0
65.995,warmup,3283,3283,0,12,3276,1935255,1.575,1051336,1490304,1,0,49.80,3283,0
66.998,warmup,3333,3333,0,15,3326,1965149,1.575,1051336,1490304,1,0,50.20,3333,0
67.997,warmup,3383,3383,0,14,3376,1995324,1.575,1051336,1490304,1,0,50.00,3383,0
68.996,warmup,3433,3433,0,13,3426,2024670,1.575,1051356,1490328,1,0,50.00,3433,0
69.995,warmup,3483,3483,0,12,3476,2054312,1.575,1051356,1490328,1,0,50.00,3483,0
71.004,warmup,3533,3534,0,0,3526,2084579,1.575,1051356,1490328,1,0,50.05,3534,0
71.995,warmup,3583,3583,0,12,3576,2114340,1.575,1051356,1490328,1,0,50.00,3583,0
72.998,warmup,3633,3633,0,14,3626,2144221,1.575,1051356,1490328,1,0,49.95,3633,0
73.997,warmup,3683,3683,0,13,3676,2174383,1.575,1051356,1490328,1,0,49.95,3683,0
74.996,warmup,3733,3733,0,13,3726,2203994,1.575,1051356,1490328,1,0,50.10,3733,0
76.004,warmup,3783,3784,0,0,3776,2233713,1.575,1051356,1490328,1,0,49.95,3784,0
77.004,warmup,3833,3834,0,0,3826,2262979,1.575,1051356,1490328,1,0,50.00,3834,0
78.003,warmup,3883,3884,0,0,3876,2292524,1.575,1051356,1490328,1,0,50.00,3884,0
78.996,warmup,3933,3933,0,12,3926,2321675,1.575,1051356,1490328,1,0,50.00,3933,0
80.004,warmup,3983,3984,0,0,3976,2351171,1.575,1051356,1490328,1,0,50.00,3984,0
80.995,warmup,4033,4033,0,11,4026,2380851,1.575,1051356,1490328,1,0,50.00,4033,0
81.997,warmup,4083,4083,0,14,4076,2410280,1.575,1051356,1490328,1,0,50.00,4083,0
82.997,warmup,4133,4133,0,14,4126,2439764,1.575,1051356,1490328,1,0,50.00,4133,0
83.995,warmup,4183,4183,0,11,4176,2469755,1.575,1051356,1490328,1,0,50.00,4183,0
84.996,warmup,4233,4233,0,13,4226,2499201,1.575,1051356,1490328,1,0,49.95,4233,0
85.996,warmup,4283,4283,0,13,4276,2528954,1.575,1051356,1490328,1,0,50.05,4283,0
86.998,warmup,4333,4333,0,15,4326,2558436,1.575,1051356,1490328,1,0,50.00,4333,0
87.995,warmup,4383,4383,0,11,4376,2587634,1.575,1051356,1490328,1,0,50.00,4383,0
88.994,warmup,4433,4433,0,11,4426,2616969,1.575,1051360,1490332,1,0,50.00,4433,0
89.999,warmup,4483,4483,0,16,4476,2646528,1.575,1051360,1490332,1,0,49.95,4483,0
91.004,warmup,4533,4534,0,0,4526,2676020,1.575,1051364,1490332,1,0,50.05,4534,0
92.004,warmup,4583,4584,0,0,4576,2705753,1.575,1051364,1490332,1,0,50.00,4584,0
92.995,warmup,4633,4633,0,11,4626,2735313,1.575,1051364,1490332,1,0,50.00,4633,0
94.004,warmup,4683,4684,0,0,4676,2765027,1.575,1051364,1490332,1,0,50.00,4684,0
95.003,warmup,4733,4734,0,0,4726,2794546,1.575,1051364,1490332,1,0,50.00,4734,0
95.999,warmup,4783,4783,0,16,4776,2824500,1.575,1051364,1490332,1,0,50.05,4783,0
97.003,warmup,4833,4834,0,0,4826,2854213,1.575,1051364,1490332,1,0,50.00,4834,0
98.003,warmup,4883,4884,0,0,4876,2883789,1.575,1051364,1490332,1,0,50.00,4884,0
98.997,warmup,4933,4933,0,14,4926,2913248,1.575,1051364,1490332,1,0,50.00,4933,0
99.996,warmup,4983,4983,0,12,4976,2942683,1.575,1051364,1490332,1,0,50.00,4983,0
100.995,warmup,5033,5033,0,12,5026,2972054,1.575,1051364,1490332,1,0,50.00,5033,0
102.004,warmup,5083,5084,0,1,5076,3001717,1.575,1051364,1490332,1,0,50.00,5084,0
102.999,warmup,5133,5133,0,16,5126,3030945,1.575,1051364,1490332,1,0,50.00,5133,0
103.995,warmup,5183,5183,0,12,5176,3060259,1.575,1051364,1490332,1,0,50.00,5183,0
104.997,warmup,5233,5233,0,14,5226,3089783,1.575,1051364,1490332,1,0,50.00,5233,0
106.002,warmup,5283,5284,0,0,5276,3119149,1.575,1051364,1490332,1,0,49.95,5284,0
106.996,warmup,5333,5333,0,13,5326,3148406,1.575,1051364,1490332,1,0,50.05,5333,0
107.997,warmup,5383,5383,0,14,5376,3177915,1.575,1051364,1490332,1,0,50.00,5383,0
109.004,warmup,5433,5434,0,0,5426,3207305,1.575,1049996,1490332,1,0,50.00,5434,0
110.004,warmup,5483,5484,0,0,5476,3236526,1.575,1045348,1490332,1,0,50.00,5484,0
110.995,warmup,5533,5533,0,13,5526,3266109,1.575,1045336,1490332,1,0,50.00,5533,0
111.995,warmup,5583,5583,0,11,5576,3295618,1.575,1038428,1490332,1,0,49.95,5583,0
112.996,warmup,5633,5633,0,13,5626,3325059,1.575,1029264,1490332,1,0,50.00,5633,0
113.996,warmup,5683,5683,0,13,5676,3354603,1.575,1020880,1490276,1,0,50.00,5683,0
114.997,warmup,5733,5733,0,14,5726,3383649,1.575,1011004,1490276,1,0,50.05,5733,0
116.003,warmup,5783,5784,0,1,5776,3413403,1.575,1001972,1490276,1,0,49.90,5784,0
117.003,warmup,5833,5834,0,0,5826,3443046,1.575,992892,1490276,1,0,50.05,5834,0
118.003,warmup,5883,5884,0,0,5876,3472591,1.575,985628,1490276,1,0,50.05,5884,0
119.003,warmup,5933,5934,0,0,5926,3502504,1.575,976160,1490276,1,0,49.95,5934,0
120.003,measure,5983,5984,0,0,5976,3532148,1.575,966820,1490276,1,0,50.00,5984,0
120.996,measure,6033,6033,0,13,6026,3561742,1.575,957664,1490276,1,0,50.00,6033,0
122.003,measure,6083,6084,0,1,6076,3591694,1.575,948724,1490220,1,0,50.05,6084,0
123.004,measure,6133,6134,0,0,6126,3621637,1.575,939836,1490220,1,0,49.95,6134,0
124.004,measure,6183,6184,0,0,6176,3651285,1.575,930708,1490220,1,0,50.00,6184,0
124.998,measure,6233,6233,0,15,6226,3680398,1.575,921816,1490220,1,0,50.00,6233,0
125.996,measure,6283,6283,0,12,6276,3709738,1.575,912816,1490220,1,0,49.95,6283,0
126.998,measure,6333,6333,0,14,6326,3739015,1.575,907520,1490220,1,0,50.05,6333,0
127.996,measure,6383,6383,0,13,6376,3768571,1.575,898900,1490220,1,0,50.00,6383,0
129.004,measure,6433,6434,0,0,6426,3797943,1.575,890144,1490220,1,0,50.00,6434,0
130.004,measure,6483,6484,0,0,6476,3827583,1.575,881312,1490220,1,0,50.00,6484,0
131.004,measure,6533,6534,0,0,6526,3857588,1.575,872680,1490220,1,0,50.00,6534,0
132.004,measure,6583,6584,0,0,6576,3887589,1.575,864148,1490220,1,0,50.00,6584,0
132.994,measure,6633,6633,0,9,6626,3917240,1.575,855744,1490220,1,0,50.00,6633,0
134.003,measure,6683,6684,0,0,6676,3946610,1.575,847308,1490220,1,0,49.95,6684,0
134.996,measure,6733,6733,0,11,6726,3976287,1.575,838932,1490220,1,0,50.05,6733,0
135.999,measure,6783,6783,0,15,6776,4005913,1.575,830588,1490220,1,0,50.00,6783,0
136.995,measure,6833,6833,0,11,6826,4035355,1.575,822304,1490220,1,0,50.00,6833,0
138.004,measure,6883,6884,0,0,6876,4064639,1.575,814100,1490220,1,0,49.95,6884,0
139.004,measure,6933,6934,0,0,6926,4093872,1.575,805976,1490220,1,0,50.05,6934,0
139.998,measure,6983,6983,0,14,6976,4123744,1.575,797968,1490220,1,0,50.00,6983,0
141.004,measure,7033,7034,0,0,7026,4153586,1.575,790012,1490220,1,0,50.00,7034,0
141.996,measure,7083,7083,0,12,7076,4183608,1.575,782136,1490220,1,0,50.00,7083,0
143.004,measure,7133,7134,0,0,7126,4213562,1.575,774376,1490220,1,0,50.00,7134,0
143.998,measure,7183,7183,0,14,7176,4243087,1.575,766680,1490220,1,0,50.00,7183,0
145.004,measure,7233,7234,0,0,7226,4272425,1.575,759108,1490280,1,0,50.00,7234,0
145.995,measure,7283,7283,0,12,7276,4301770,1.575,751592,1490280,1,0,50.00,7283,0
146.998,measure,7333,7333,0,15,7326,4331105,1.575,744108,1490280,1,0,50.00,7333,0
147.995,measure,7383,7383,0,12,7376,4360027,1.575,740260,1490280,1,0,50.05,7383,0
148.996,measure,7433,7433,0,13,7426,4389402,1.575,733136,1490280,1,0,50.00,7433,0
149.995,measure,7483,7483,0,12,7476,4418576,1.575,726980,1490280,1,0,49.95,7483,0
151.003,measure,7533,7534,0,0,7526,4447705,1.575,726992,1490280,1,0,50.05,7534,0
151.998,measure,7583,7583,0,14,7576,4476974,1.575,726956,1490280,1,0,50.05,7583,0
153.004,measure,7633,7634,0,0,7626,4506510,1.575,722592,1490280,1,0,50.00,7634,0
153.996,measure,7683,7683,0,13,7676,4535761,1.575,715752,1490280,1,0,50.00,7683,0
155.004,measure,7733,7734,0,0,7726,4564748,1.575,708692,1490280,1,0,50.00,7734,0
155.996,measure,7783,7783,0,13,7776,4593814,1.575,701728,1490280,1,0,50.00,7783,0
157.004,measure,7833,7834,0,0,7826,4623247,1.575,696372,1490280,1,0,49.95,7834,0
158.004,measure,7883,7884,0,0,7876,4652597,1.575,691016,1490284,1,0,50.10,7884,0
158.994,measure,7933,7933,0,11,7926,4681585,1.575,684372,1490284,1,0,50.00,7933,0
160.004,measure,7983,7984,0,1,7976,4710964,1.575,679892,1490284,1,0,50.00,7984,0
160.999,measure,8033,8033,0,16,8026,4740560,1.575,674604,1490284,1,0,49.95,8033,0
161.995,measure,8083,8083,0,12,8076,4770174,1.575,671152,1490284,1,0,50.05,8083,0
162.996,measure,8133,8133,0,13,8126,4799978,1.575,666328,1490284,1,0,50.00,8133,0
164.003,measure,8183,8184,0,1,8176,4829449,1.575,660948,1490284,1,0,49.95,8184,0
164.995,measure,8233,8233,0,11,8226,4858742,1.575,655536,1490284,1,0,50.05,8233,0
166.004,measure,8283,8284,0,0,8276,4888090,1.575,650388,1490284,1,0,49.95,8284,0
167.004,measure,8333,8334,0,1,8326,4917762,1.575,645032,1490284,1,0,50.00,8334,0
168.004,measure,8383,8384,0,0,8376,4947386,1.575,640532,1490284,1,0,50.00,8384,0
169.002,measure,8433,8434,0,1,8426,4976274,1.575,634764,1490284,1,0,50.00,8434,0
169.996,measure,8483,8483,0,13,8476,5005204,1.575,628584,1490284,1,0,50.05,8483,0
171.003,measure,8533,8534,0,0,8526,5034492,1.575,623152,1490284,1,0,50.00,8534,0
171.996,measure,8583,8583,0,13,8576,5063887,1.575,617844,1490284,1,0,49.95,8583,0
173.004,measure,8633,8634,0,0,8626,5093612,1.575,613100,1490284,1,0,50.05,8634,0
174.004,measure,8683,8684,0,1,8676,5123671,1.575,608032,1490284,1,0,49.95,8684,0
174.995,measure,8733,8733,0,11,8726,5152993,1.575,603512,1490284,1,0,50.00,8733,0
175.995,measure,8783,8783,0,11,8776,5182182,1.575,598620,1490284,1,0,49.95,8783,0
176.995,measure,8833,8833,0,11,8826,5212003,1.575,593900,1490284,1,0,50.05,8833,0
177.996,measure,8883,8883,0,12,8876,5241722,1.575,591388,1490284,1,0,50.00,8883,0
178.997,measure,8933,8933,0,13,8926,5271286,1.575,591356,1490284,1,0,50.00,8933,0
180.005,measure,8983,8984,0,0,8976,5300778,1.575,591364,1490284,1,0,50.00,8984,0
181.005,measure,9033,9034,0,0,9026,5330254,1.575,591376,1490284,1,0,49.95,9034,0
182.005,measure,9083,9084,0,0,9076,5359710,1.575,591384,1490284,1,0,50.05,9084,0
183.003,measure,9133,9134,0,1,9126,5389097,1.575,586316,1490284,1,0,50.00,9134,0
183.996,measure,9183,9183,0,11,9176,5418858,1.575,582352,1490284,1,0,50.05,9183,0
185.004,measure,9233,9234,0,0,9226,5448425,1.575,581608,1490284,1,0,49.95,9234,0
186.004,measure,9283,9284,0,0,9276,5477901,1.575,576744,1490284,1,0,50.00,9284,0
187.004,measure,9333,9334,0,0,9326,5507159,1.575,571036,1490284,1,0,50.00,9334,0
188.004,measure,9383,9384,0,0,9376,5537098,1.575,568136,1490284,1,0,50.00,9384,0
188.999,measure,9433,9433,0,16,9426,5566500,1.575,568220,1490252,1,0,50.00,9433,0
190.004,measure,9483,9484,0,0,9476,5596112,1.575,568232,1490252,1,0,50.00,9484,0
190.996,measure,9533,9533,0,13,9526,5625826,1.575,568240,1490252,1,0,50.00,9533,0
192.004,measure,9583,9584,0,0,9576,5655975,1.575,568252,1490252,1,0,50.00,9584,0
192.995,measure,9633,9633,0,11,9626,5685374,1.575,568260,1490252,1,0,50.00,9633,0
194.004,measure,9683,9684,0,0,9676,5714825,1.575,568276,1490252,1,0,50.00,9684,0
194.996,measure,9733,9733,0,14,9726,5744406,1.575,565868,1490252,1,0,50.00,9733,0
195.998,measure,9783,9783,0,15,9776,5774288,1.575,560484,1490252,1,0,49.95,9783,0
197.002,measure,9833,9834,0,0,9826,5803698,1.575,555400,1490252,1,0,50.10,9834,0
197.996,measure,9883,9883,0,13,9876,5833226,1.575,550024,1490252,1,0,50.00,9883,0
199.004,measure,9933,9934,0,0,9926,5862759,1.575,544564,1490252,1,0,50.00,9934,0
200.004,measure,9983,9984,0,1,9976,5892419,1.575,539128,1490252,1,0,50.00,9984,0
200.997,measure,10033,10033,0,14,10026,5922121,1.575,534000,1490252,1,0,50.00,10033,0
202.004,measure,10083,10084,0,0,10076,5952168,1.575,528660,1490252,1,0,50.00,10084,0
202.997,measure,10133,10133,0,13,10126,5982286,1.575,523384,1490252,1,0,50.00,10133,0
204.004,measure,10183,10184,0,0,10176,6012231,1.575,518180,1490252,1,0,50.00,10184,0
204.996,measure,10233,10233,0,11,10226,6042046,1.575,513028,1490252,1,0,49.95,10233,0
205.995,measure,10283,10283,0,11,10276,6071857,1.575,508484,1490252,1,0,50.05,10283,0
207.004,measure,10333,10334,0,0,10326,6101785,1.575,503624,1490252,1,0,49.95,10334,0
208.004,measure,10383,10384,0,0,10376,6131456,1.575,498592,1490252,1,0,50.00,10384,0
209.005,measure,10433,10434,0,0,10426,6161198,1.575,493600,1490252,1,0,50.05,10434,0
210.004,measure,10483,10484,0,0,10476,6190993,1.575,488676,1490252,1,0,50.00,10484,0
210.998,measure,10533,10533,0,15,10526,6220366,1.575,483788,1490252,1,0,49.95,10533,0
211.995,measure,10583,10583,0,12,10576,6249967,1.575,478944,1490252,1,0,50.00,10583,0
213.004,measure,10633,10634,0,0,10626,6279330,1.575,474192,1490252,1,0,50.00,10634,0
214.003,measure,10683,10684,0,0,10676,6309068,1.575,469444,1490252,1,0,50.05,10684,0
215.003,measure,10733,10734,0,0,10726,6338980,1.575,464740,1490252,1,0,49.95,10734,0
216.004,measure,10783,10784,0,0,10776,6368822,1.575,460088,1490252,1,0,50.00,10784,0
217.004,measure,10833,10834,0,0,10826,6398356,1.575,458700,1490252,1,0,49.95,10834,0
218.002,measure,10883,10884,0,1,10876,6427498,1.575,457324,1490252,1,0,50.05,10884,0
218.995,measure,10933,10933,0,12,10926,6456827,1.575,455952,1490252,1,0,50.00,10933,0
219.999,measure,10983,10983,0,16,10976,6486213,1.575,454584,1490252,1,0,50.05,10983,0
221.004,measure,11033,11034,0,1,11026,6515939,1.575,453216,1490252,1,0,50.00,11034,0
221.995,measure,11083,11083,0,12,11076,6545371,1.575,451860,1490252,1,0,50.00,11083,0
223.004,measure,11133,11134,0,0,11126,6574721,1.575,450500,1490252,1,0,50.00,11134,0
223.999,measure,11183,11183,0,14,11176,6604735,1.575,449144,1490252,1,0,49.95,11183,0
224.995,measure,11233,11233,0,11,11226,6634461,1.575,447800,1490252,1,0,50.00,11233,0
225.996,measure,11283,11283,0,11,11276,6663932,1.575,446460,1490252,1,0,50.00,11283,0
226.999,measure,11333,11333,0,15,11326,6693288,1.575,445120,1490252,1,0,50.00,11333,0
228.005,measure,11383,11384,0,0,11376,6722590,1.575,443780,1490252,1,0,50.00,11384,0
228.999,measure,11433,11433,0,15,11426,6751861,1.575,442444,1490252,1,0,50.00,11433,0
229.999,measure,11483,11483,0,16,11476,6781195,1.575,441128,1490252,1,0,50.00,11483,0
231.004,measure,11533,11534,0,0,11526,6810510,1.575,439800,1490252,1,0,50.00,11534,0
231.995,measure,11583,11583,0,11,11576,6839692,1.575,438476,1490252,1,0,50.00,11583,0
232.995,measure,11633,11633,0,11,11626,6868988,1.575,437168,1490252,1,0,50.05,11633,0
234.004,measure,11683,11684,0,0,11676,6898235,1.575,435860,1490252,1,0,49.95,11684,0
235.004,measure,11733,11734,0,0,11726,6927626,1.575,434552,1490252,1,0,50.00,11734,0
235.997,measure,11783,11783,0,14,11776,6956931,1.575,433252,1490252,1,0,50.00,11783,0
237.004,measure,11833,11834,0,0,11826,6986717,1.575,431976,1490252,1,0,50.00,11834,0
238.003,measure,11883,11884,0,0,11876,7016669,1.575,430688,1490252,1,0,49.95,11884,0
239.003,measure,11933,11934,0,1,11926,7046479,1.575,429400,1490252,1,0,50.05,11934,0
239.995,measure,11983,11983,0,11,11976,7076058,1.575,428128,1490252,1,0,50.00,11983,0
241.004,measure,12033,12034,0,0,12026,7105461,1.575,426840,1490252,1,0,50.00,12034,0
242.004,measure,12083,12084,0,0,12076,7141579,7.741,425572,1490252,1,0,50.00,12084,0
243.004,measure,12133,12134,0,0,12126,7170919,7.741,424680,1490824,1,0,50.00,12134,0
244.004,measure,12183,12184,0,0,12176,7200214,7.741,423400,1490824,1,0,50.00,12184,0
244.998,measure,12233,12233,0,13,12226,7229451,7.741,422124,1490824,1,0,50.00,12233,0
245.996,measure,12283,12283,0,13,12276,7258933,7.741,420864,1490824,1,0,50.00,12283,0
246.994,measure,12333,12333,0,11,12326,7288816,7.741,419620,1490824,1,0,50.05,12333,0
247.997,measure,12383,12383,0,14,12376,7318332,7.741,418376,1490824,1,0,50.00,12383,0
248.995,measure,12433,12433,0,11,12426,7347636,7.741,417120,1490824,1,0,50.00,12433,0
250.005,measure,12483,12484,0,0,12476,7376801,7.741,415876,1490824,1,0,49.95,12484,0
251.004,measure,12533,12534,0,1,12526,7406357,7.741,414636,1490824,1,0,50.00,12534,0
252.004,measure,12583,12584,0,1,12576,7435908,7.741,413384,1490824,1,0,50.00,12584,0
252.994,measure,12633,12633,0,10,12626,7465125,7.741,412148,1490824,1,0,50.00,12633,0
253.996,measure,12683,12683,0,13,12676,7494199,7.741,410916,1490824,1,0,50.00,12683,0
255.003,measure,12733,12734,0,0,12726,7523595,7.741,411332,1490824,1,0,50.05,12734,0
256.004,measure,12783,12784,0,0,12776,7553298,7.741,410076,1490764,1,0,50.00,12784,0
256.998,measure,12833,12833,0,15,12826,7582495,7.741,408852,1490764,1,0,50.00,12833,0
258.003,measure,12883,12884,0,0,12876,7611946,7.741,407744,1490764,1,0,49.95,12884,0
259.003,measure,12933,12934,0,0,12926,7641679,7.741,406524,1490764,1,0,50.00,12934,0
259.996,measure,12983,12983,0,13,12976,7671300,7.741,405292,1490764,1,0,50.00,12983,0
260.995,measure,13033,13033,0,12,13026,7700797,7.741,404068,1490764,1,0,50.05,13033,0
262.003,measure,13083,13084,0,0,13076,7730373,7.741,402844,1490764,1,0,50.00,13084,0
262.996,measure,13133,13133,0,12,13126,7759897,7.741,401632,1490764,1,0,50.00,13133,0
263.995,measure,13183,13183,0,11,13176,7789832,7.741,400424,1490764,1,0,50.00,13183,0
265.006,measure,13233,13234,0,0,13226,7819727,7.741,399220,1490764,1,0,50.00,13234,0
266.003,measure,13283,13284,0,0,13276,7852385,7.741,398024,1490764,1,0,49.95,13284,0
267.004,measure,13333,13334,0,0,13326,7884661,7.741,396824,1490764,1,0,49.90,13334,0
267.996,measure,13383,13383,0,13,13376,7916774,7.741,395628,1490764,1,0,50.10,13383,0
268.994,measure,13433,13433,0,10,13426,7948141,7.741,394432,1490764,1,0,50.05,13433,0
270.004,measure,13483,13484,0,0,13476,7979340,7.741,393240,1490764,1,0,50.00,13484,0
271.004,measure,13533,13534,0,1,13526,8010574,7.741,392064,1490764,1,0,50.00,13534,0
272.004,measure,13583,13584,0,0,13576,8042652,7.741,390884,1490764,1,0,49.95,13584,0
272.995,measure,13633,13633,0,12,13626,8074281,7.741,389708,1490764,1,0,50.00,13633,0
273.995,measure,13683,13683,0,11,13676,8105333,7.741,388536,1490764,1,0,50.00,13683,0
274.995,measure,13733,13733,0,11,13726,8136583,7.741,387360,1490764,1,0,50.00,13733,0
276.004,measure,13783,13784,0,0,13776,8168042,7.741,386184,1490764,1,0,49.95,13784,0
277.005,measure,13833,13834,0,0,13826,8199148,7.741,385016,1490764,1,0,50.05,13834,0
277.996,measure,13883,13883,0,13,13876,8230301,7.741,383856,1490764,1,0,50.00,13883,0
279.004,measure,13933,13934,0,0,13926,8261050,7.741,382704,1490764,1,0,50.00,13934,0
280.005,measure,13983,13984,0,1,13976,8292352,7.741,381552,1490764,1,0,50.00,13984,0
280.999,measure,14033,14033,0,15,14026,8322095,7.741,380416,1490764,1,0,50.00,14033,0
281.996,measure,14083,14083,0,12,14076,8351845,7.741,379308,1490764,1,0,49.95,14083,0
283.004,measure,14133,14134,0,0,14126,8382003,7.741,378172,1490764,1,0,50.10,14134,0
284.004,measure,14183,14184,0,0,14176,8411636,7.741,377064,1490764,1,0,50.00,14184,0
284.995,measure,14233,14233,0,11,14226,8441840,7.741,375944,1490764,1,0,50.00,14233,0
286.004,measure,14283,14284,0,0,14276,8472431,7.741,374824,1490764,1,0,50.00,14284,0
287.004,measure,14333,14334,0,0,14326,8502296,7.741,373700,1490764,1,0,49.95,14334,0
287.996,measure,14383,14383,0,12,14376,8531365,7.741,373928,1490788,1,0,50.00,14383,0
288.996,measure,14433,14433,0,12,14426,8561216,7.741,372812,1490788,1,0,50.00,14433,0
290.004,measure,14483,14484,0,0,14476,8590895,7.741,371808,1490788,1,0,50.00,14484,0
290.994,measure,14533,14533,0,10,14526,8620649,7.741,370688,1490788,1,0,50.00,14533,0
291.999,measure,14583,14583,0,15,14576,8650301,7.741,369576,1490788,1,0,50.00,14583,0
293.004,measure,14633,14634,0,0,14626,8680448,7.741,368464,1490788,1,0,50.00,14634,0
293.994,measure,14683,14683,0,11,14676,8709690,7.741,367356,1490788,1,0,50.00,14683,0
294.995,measure,14733,14733,0,10,14726,8739061,7.741,366252,1490788,1,0,50.05,14733,0
295.995,measure,14783,14783,0,11,14776,8768948,7.741,365164,1490788,1,0,49.95,14783,0
296.996,measure,14833,14833,0,14,14826,8800633,7.741,364068,1490788,1,0,50.00,14833,0
297.998,measure,14883,14883,0,16,14876,8831270,7.741,362972,1490788,1,0,50.00,14883,0
298.999,measure,14933,14933,0,16,14926,8860763,7.741,361888,1490788,1,0,50.00,14933,0
